Sarah,Treanor,Mr.Charming,9361
Pam,Gallagher,Mr.Verdant,13785
Grainne,O Flynn,Mr.Fierce,45693
Sharon,Morrison,Mr.Utopian,98108
Catherine,Varley,Mr.Automatic,43548
Aoife,Grennan,Mr.Helpful,53966
Nadine,Varley,Mr.Frightening,94950
Nadine,Treanor,Mr.Direful,98888
Lisa,Higgins,Mr.Trite,54320
Rebecca,Walsh,Mr.Exultant,32741
Katrina,Shiel,Mr.Mundane,22432
Olivia,Melly,Mr.Next,22981
Melisa,Ward,Mr.Doubtful,82165
Lisa,Tuffy,Mr.Same,77004
Aoife,Lynskey,Mr.Fortunate,85239
Gail,Walsh,Mr.Testy,34480
Bridget,Comer,Mr.Dependent,303
Michelle,Jumail,Mr.Wide,53966
Hannah,Egan,Mr.Gaudy,22336
Michaela,Padden,Mr.Milky,303
Marie,Farrell,Mr.Determined,23241
Aoife,Carden,Mr.Gratis,15415
Roisin,Hyland,Mr.Lame,23595
Aine,Higgins,Mr.Broken,58353
Sinead,Sullivan,Mr.Curly,34871
Michelle,Smith,Mr.Wide-eyed,9174
Pam,Monaghan,Mr.Abashed,2662
Emma,Gordon,Mr.Public,87774
Arlene,Mc Keon,Mr.Flimsy,38075
Sarah,Morrison,Mr.Superficial,60548
Lorraine,Mulvey,Mr.Gabby,77966
Bridget,Leonard,Mr.Ablaze,91501
Sarah,Monaghan,Mr.Curious,80674
Laura,Mc Phillips,Mr.Calculating,65972
Sorcha,Doory,Mr.Icy,65122
Siobhan,Melly,Mr.Previous,15110
Ciara,Dolan,Mr.Pushy,43083
Stephanie,Shiel,Mr.Early,91121
Eimear,Devins,Mr.Ill-fated,78449
Sinead,Finn,Mr.Slow,10642
Olivia,Tighe,Mr.Helpless,69698
Stephanie,Higgins,Mr.Careless,20920
Lisa,Regan,Mr.Familiar,29866
Marie,Haughey,Mr.Handsomely,82716
Clodagh,Timlin,Mr.Mushy,84212
Lisa,Heneghan,Mr.Material,45279
Niamh,Kelly,Mr.Optimal,1429
Arlene,Conneely,Mr.Omniscient,45433
Mary,Henderson,Mr.Crowded,51400
Aideen,Fitzpatrick,Mr.Magenta,36188
Ursula,Higgins,Mr.Hysterical,87924
Mary,Jumail,Mr.Fallacious,3557
Chloe,Sharkey,Ms.Taboo,38609
Tracy,Finn,Ms.Solid,67427
Hilary,Callaghan,Ms.Lively,76890
Aisling,Mc Gourty,Ms.Hideous,1309
Grainne,Kelly,Ms.Maddening,67168
Ebony,Scally,Ms.Freezing,15169
Sarah,Reilly,Ms.Obese,23060
Michelle,Skrzyszewska,Ms.Ambitious,76434
Rachel,O'Malley,Ms.Political,16787
Katrina,Healy,Ms.Lovely,294
Roxanne,O Reilly,Ms.Flippant,78116
Alison,Mc Gettigan,Ms.Picayune,12498
Emma,Fitzpatrick,Ms.Well-made,96660
Emer,Mc Aleenan,Ms.Blushing,6275
Karina,Cassidy,Ms.Astonishing,26121
Amy,Lenihan,Ms.Stimulating,39511
Janice,Sharkey,Ms.Cynical,33610
Emma,Dwyer,Ms.Sulky,10540
Hazel,Crossan,Ms.Silent,53258
Nicole,Masterson,Ms.Voiceless,65159
Sorcha,Carty,Ms.Fresh,29551
Teresa,Staunton,Ms.Upset,31444
Fiona,Lee,Ms.Well-groomed,42406
Shauna,Kelly,Ms.Excited,90919
Melisa,Monaghan,Ms.Macho,99577
Clodagh,Glynnmartin,Ms.Loving,48169
Alison,Gallagher,Ms.Elastic,62423
Danielle,Mc Aleenan,Ms.Spicy,81023
Michelle,Gallagher,Ms.Drab,10970
Katie,Mc Keon,Ms.Noxious,96343
Emma,O Brien,Ms.Fancy,98465
Laura,Reilly,Ms.Rude,11525
Chloe,Ward,Ms.Sophisticated,42481
Rachel,Fahey,Ms.Plucky,53626
Emma,Casey,Ms.Rough,34921
Nikita,Mitchell,Ms.Elated,44882
Clodagh,Gallagher,Ms.Rightful,23724
Teresa,O Flynn,Ms.Humorous,37246
Lisa,Mulvey,Ms.Cut,70258
Cait,McGarrigle,Ms.Disgusting,62110
Amy,Clail,Ms.Shaggy,47896
Demi,Webb,Dr.Straight,16727
Aideen,Mc Cormack,Dr.Pink,68579
Helen,Hyland,Dr.Furtive,58531
Roisin,Mc Gettigan,Dr.Tasty,52843
Siobhan,Doherty,Dr.Selective,8482
Shauna,Glynnmartin,Dr.Standing,80495
Emer,Mitchell,Dr.Outgoing,8486
Nicole,Higgins,Dr.Tidy,98586
Gail,Higgins,Dr.Futuristic,26208
Siofra,Lenihan,Dr.Ill-informed,98937
Aisling,Cafferty,Dr.Pathetic,25035
Hilary,Timlin,Dr.Empty,34762
Niamh,Gordon,Dr.Charming,94014
Demi,Brennan,Dr.Verdant,51577
Laura,Lee,Dr.Fierce,79728
Grainne,Scally,Dr.Utopian,364
Lorraine,Walsh,Dr.Automatic,12403
Niamh,Monaghan,Dr.Helpful,38560
Laura,Dorange,Dr.Frightening,55872
Rachel,Lynskey,Dr.Direful,54404
Catherine,Kelly,Dr.Trite,82760
Rebecca,Ralph,Dr.Exultant,27487
Aoife,Grennan,Dr.Mundane,15861
Karina,Heneghan,Dr.Next,71176
Emma,Tuffy,Dr.Doubtful,14189
Michaela,Campbell,Dr.Same,73822
Karen,Loftus,Dr.Fortunate,10821
Siofra,Skrzyszewska,Dr.Testy,5572
Aoife,O'Malley,Dr.Dependent,82191
Aoife,McGarrigle,Dr.Wide,55732
Ciara,Sullivan,Dr.Gaudy,66168
Mary,Ralph,Dr.Milky,41311
Hannah,Mc Gourty,Dr.Determined,67529
